year,country,region,january,february,march,april,may,june,july,august,september,october,november,december
05,otros_africa,africa,100,90,99,106,95,70,91,126,88,86,125,88
05,belice,america_central,74,36,48,35,53,68,93,69,45,38,43,57
05,el_salvador,america_central,3915,2605,4017,3151,3381,3208,4143,4903,3364,3423,3670,5093
05,guatemala,america_central,3041,2514,3094,2851,3088,4261,3085,3053,2994,2554,3260,3976
05,honduras,america_central,3004,1637,2191,2267,1804,2295,2497,2392,2039,2585,2342,2666
05,nicaragua,america_central,41208,17106,19461,15912,15630,16634,18832,16508,15754,16024,15578,23065
05,panama,america_central,8098,6472,5660,4243,5154,5126,6029,7164,6488,5639,5859,6798
05,canada,america_del_norte,14740,14261,13224,7184,3973,3017,4192,3455,2090,3111,6003,11656
14,china,asia,452,550,811,629,631,582,610,563,550,547,685,785
05,mexico,america_del_norte,3155,3772,4939,3365,3769,3976,6973,4414,3440,3321,3700,5506
05,argentina,america_del_sur,1704,1423,1155,1244,1300,1188,1614,1112,1051,1225,1255,1351
05,bolivia,america_del_sur,188,165,169,199,249,178,250,191,159,249,160,209
05,brasil,america_del_sur,687,638,557,668,694,646,986,738,666,765,765,797
05,chile,america_del_sur,666,793,549,468,475,441,841,593,621,599,518,475
05,colombia,america_del_sur,2913,2045,2299,1996,2208,2374,2689,2280,2027,1968,1948,2383
05,ecuador,america_del_sur,401,323,416,443,407,361,563,533,355,291,354,378
05,paraguay,america_del_sur,44,45,36,34,35,22,48,59,28,41,32,40
05,peru,america_del_sur,577,604,499,495,524,430,761,538,524,437,483,447
05,uruguay,america_del_sur,147,145,159,136,154,169,182,133,155,172,120,128
05,venezuela,america_del_sur,1140,969,1224,1043,1254,1253,1406,1440,1178,1101,1036,1178
15,china,asia,606,591,885,922,763,600,711,779,805,739,990,1161
16,china,asia,878,1049,1338,1019,1032,1124,1037,908,988,1064,1114,1248
05,corea_sur_norte,asia,228,175,302,167,254,256,352,267,587,158,207,285
05,israel,asia,685,679,585,768,527,520,741,828,835,1355,548,791
05,japon,asia,439,559,562,639,456,379,533,596,422,377,446,648
14,otros_africa,africa,115,90,237,171,122,81,59,217,73,93,85,174
05,cuba,caribe,426,269,345,408,360,401,472,330,324,319,372,369
05,jamaica,caribe,64,78,91,57,92,81,98,117,69,81,50,84
15,otros_africa,africa,139,115,121,158,124,138,88,166,82,94,115,148
17,china,asia,938,1178,1632,1009,,,,,,,,
05,republica_dominicana,caribe,320,235,322,296,382,293,367,339,358,262,244,256
05,trinidad_y_tobago,caribe,62,53,91,63,84,50,96,81,231,69,57,44
05,alemania,europa,3845,4356,4160,2888,2084,1813,3156,2990,2360,2918,4068,3885
05,austria,europa,680,789,453,309,245,212,539,426,313,334,415,497
05,belgica,europa,429,459,529,347,255,376,671,477,376,520,580,583
05,dinamarca,europa,376,459,301,268,152,252,338,154,154,205,199,257
05,china,asia,96,124,97,127,111,116,105,82,99,69,93,84
05,finlandia,europa,122,162,103,63,84,67,85,59,98,91,141,191
05,francia,europa,2728,3228,2245,2697,1188,1042,2492,2008,902,1447,2132,2256
05,holanda,europa,2180,2051,1702,1617,1465,1642,3311,2037,1998,2280,1802,2088
05,inglaterra,europa,2540,2801,2739,2098,1862,1744,2562,2144,1494,1798,2321,2814
05,italia,europa,2763,2438,1886,1372,1039,1134,1632,2509,1030,1312,1258,2353
05,noruega,europa,253,262,279,191,120,118,165,98,124,170,206,267
16,otros_africa,africa,191,177,188,139,140,96,184,161,107,75,132,156
05,suecia,europa,741,718,581,369,308,419,318,265,233,424,542,1029
05,suiza,europa,1334,1289,1085,1148,703,646,1205,696,786,1100,1343,1395
05,otras_zonas,otras_zonas,672,492,544,598,528,488,506,489,420,496,565,788
06,africa,africa,104,78,109,131,87,78,74,110,93,115,137,88
06,belice,america_central,84,41,47,71,115,55,78,112,59,60,62,42
06,el_salvador,america_central,4148,3143,3271,4512,3709,3271,4982,4478,3129,3451,3887,4433
06,guatemala,america_central,3674,3060,3215,3436,3672,3390,3146,3196,3034,3585,3887,3762
06,honduras,america_central,3403,2104,2630,2749,2196,2607,2917,2843,2527,3161,2915,2498
06,nicaragua,america_central,41889,21097,18110,25626,18407,21649,21998,20071,21141,20383,23566,27149
06,panama,america_central,9715,8277,5938,5351,5478,4412,7122,5667,5857,6059,6102,6236
06,canada,america_del_norte,14663,13930,13027,6385,4659,3067,4456,3713,2340,3290,6477,12297
06,china,asia,75,124,134,110,268,133,118,112,100,113,176,82
06,mexico,america_del_norte,4032,3349,4536,5359,4405,3836,6441,4782,4009,4839,4562,6269
06,argentina,america_del_sur,2325,1911,1606,1213,1354,1007,1371,1164,965,1243,1357,1289
06,bolivia,america_del_sur,260,212,283,175,202,203,213,209,200,162,177,165
06,brasil,america_del_sur,1039,850,788,684,986,663,812,788,758,794,825,743
06,chile,america_del_sur,869,1145,607,568,571,490,772,517,585,678,607,455
06,colombia,america_del_sur,3291,2168,2087,2306,2226,2020,2516,2262,2138,2095,2141,2456
06,ecuador,america_del_sur,424,317,403,373,438,272,395,433,384,379,338,290
06,paraguay,america_del_sur,46,50,26,23,46,13,26,32,45,27,39,29
06,peru,america_del_sur,615,615,525,355,479,398,444,475,434,580,533,447
06,uruguay,america_del_sur,183,137,148,167,156,127,172,170,186,189,204,152
06,venezuela,america_del_sur,1295,945,1031,1159,1135,862,1169,1442,1139,1149,1109,1166
07,china,asia,113,92,159,166,191,161,115,335,253,189,211,172
08,china,asia,176,177,217,358,267,161,336,249,246,178,451,176
06,corea_sur_norte,asia,244,237,208,256,138,205,255,249,232,184,223,272
06,israel,asia,801,685,689,986,580,484,711,751,730,654,596,752
06,japon,asia,572,600,653,529,338,314,350,463,395,283,425,556
17,otros_africa,africa,207,102,159,115,,,,,,,,
06,cuba,caribe,523,370,374,400,336,375,377,345,341,298,337,322
06,jamaica,caribe,85,106,91,123,80,56,100,104,86,76,74,51
05,otros_asia,asia,227,250,295,412,217,229,280,261,259,248,291,326
09,china,asia,195,189,380,262,194,374,375,266,276,312,271,252
06,republica_dominicana,caribe,382,300,317,345,329,295,344,274,303,353,272,235
06,trinidad_y_tobago,caribe,57,57,115,74,66,40,55,66,53,75,56,31
06,alemania,europa,4185,4157,4274,2924,1788,1650,2867,2782,2165,2713,4444,3898
06,austria,europa,577,630,412,355,269,240,541,435,318,285,495,550
06,belgica,europa,554,523,583,540,418,281,768,424,367,420,564,535
06,dinamarca,europa,556,446,327,238,127,212,253,147,132,214,368,296
10,china,asia,331,296,323,261,282,246,289,333,253,278,390,307
06,finlandia,europa,156,162,149,130,64,87,35,46,50,62,116,130
06,francia,europa,2568,3308,2696,2365,1039,1020,2394,2126,893,1329,2601,2053
06,holanda,europa,2166,2105,1888,1591,1308,1377,3491,2289,1986,1724,2184,2194
06,inglaterra,europa,3613,3500,3010,2248,1710,1484,2436,1861,1378,1589,2406,2655
06,italia,europa,2555,2059,1787,1285,953,1077,1341,2099,949,1192,1624,2254
06,noruega,europa,354,330,281,241,140,139,198,86,111,170,220,313
06,otros_asia,asia,325,251,365,252,265,248,218,323,271,321,468,451
06,suecia,europa,821,837,669,431,276,275,283,200,230,307,579,995
06,suiza,europa,1479,1310,1234,1138,642,528,1427,686,798,913,1421,1568
06,no_indica,no_indica,75,69,66,65,52,55,38,32,20,41,16,56
06,otras_zonas,otras_zonas,921,667,601,493,484,403,398,451,410,441,615,743
07,africa,africa,138,65,138,122,154,146,146,162,157,139,134,120
07,belice,america_central,83,64,65,44,110,62,120,78,64,78,61,72
07,el_salvador,america_central,4286,3301,3763,4727,3836,3450,4665,4560,3617,3846,4207,4718
07,guatemala,america_central,3188,3256,3672,3627,3738,3605,3732,3160,3347,3797,4453,4289
07,honduras,america_central,3653,2014,2699,2789,2796,2868,3473,2513,3163,3586,3276,2843
07,nicaragua,america_central,50141,27676,24203,34654,26011,30330,33099,27549,28132,30492,32637,34298
07,panama,america_central,8735,7971,5617,5625,5901,5736,7777,6676,6943,8137,7599,7487
07,canada,america_del_norte,16337,14690,13744,8074,5477,3711,5454,4085,2800,3595,8602,15492
11,china,asia,263,289,610,396,369,388,327,326,333,333,450,441
07,mexico,america_del_norte,3766,3874,3074,5844,5892,5283,7709,5361,4153,4549,4789,7142
07,argentina,america_del_sur,2327,1899,1756,1394,1714,1169,1499,1202,1204,1364,1414,1563
07,bolivia,america_del_sur,178,141,180,251,245,236,275,188,206,248,229,257
07,brasil,america_del_sur,771,912,876,796,1103,769,1171,824,726,800,947,1031
07,chile,america_del_sur,807,1030,788,659,807,689,978,663,866,723,779,608
07,colombia,america_del_sur,3291,2127,2412,2295,2414,2717,3084,2305,2372,2541,2832,2909
07,ecuador,america_del_sur,431,333,380,417,500,349,459,378,457,426,538,371
07,paraguay,america_del_sur,39,38,32,36,48,39,72,35,60,28,44,45
07,peru,america_del_sur,588,546,602,690,895,707,707,588,574,746,800,544
07,uruguay,america_del_sur,187,155,205,140,198,180,221,206,143,232,273,171
07,venezuela,america_del_sur,1314,1236,1447,1601,1582,1457,1733,1971,1831,2015,2051,2118
12,china,asia,419,432,669,502,477,471,481,636,502,598,649,737
13,china,asia,590,559,662,565,807,864,691,706,437,513,848,549
07,corea_sur_norte,asia,275,236,200,292,254,242,272,217,217,252,239,270
07,israel,asia,781,807,961,858,653,665,918,926,1021,712,718,864
07,japon,asia,480,632,520,427,372,323,371,396,412,331,486,688
07,otros_asia,asia,386,331,414,351,569,352,376,414,311,341,508,566
07,cuba,caribe,450,272,280,374,434,372,482,558,509,492,499,502
07,jamaica,caribe,88,61,94,94,116,99,84,61,58,70,63,49
08,otros_asia,asia,373,375,619,531,549,442,409,532,349,625,521,515
05,china_taiwan,asia,370,263,271,295,305,297,322,248,217,251,215,255
07,republica_dominicana,caribe,338,284,373,376,521,526,591,557,667,433,537,412
07,trinidad_y_tobago,caribe,63,52,62,38,112,81,70,167,80,48,57,48
07,alemania,europa,4361,4580,4929,3236,667,2053,3169,3104,2289,2945,4533,4419
07,austria,europa,628,653,507,408,233,278,759,511,314,376,498,613
07,belgica,europa,507,531,584,530,409,414,876,450,373,575,729,681
07,dinamarca,europa,367,487,457,276,250,239,441,205,153,285,308,442
06,china_taiwan,asia,268,265,264,318,406,263,284,250,306,216,253,221
07,finlandia,europa,142,181,126,98,76,73,85,43,78,88,128,211
07,francia,europa,3047,3535,2875,2360,1344,1276,2446,1980,1017,1365,2224,2470
07,holanda,europa,2201,2168,2125,1837,1504,1673,4559,2336,2238,2036,2677,2660
07,italia,europa,2413,1840,1691,1537,1161,1257,1700,2111,1073,1276,1812,2380
07,noruega,europa,287,338,415,288,223,208,238,120,148,207,316,404
09,otros_asia,asia,368,364,628,476,379,390,464,504,375,402,589,710
07,reino_unido,europa,2734,3262,3287,2658,3142,2848,4413,3512,2910,2808,2946,3060
07,suecia,europa,886,940,921,561,384,341,368,241,251,437,969,1555
07,suiza,europa,1308,1364,1357,1191,720,697,1497,667,682,873,1410,1592
07,no_indica,no_indica,38,21,39,32,25,38,46,26,17,20,39,31
07,otras_zonas,otras_zonas,685,583,600,670,666,563,453,489,443,580,723,956
08,africa,africa,148,148,185,128,152,156,146,176,114,178,175,146
08,belice,america_central,58,48,88,66,101,86,147,90,59,62,59,64
08,el_salvador,america_central,3595,4482,4566,3546,3689,3341,3839,5883,3303,2723,3950,3920
08,guatemala,america_central,3618,3727,3861,3541,3762,3595,3824,3503,3500,2019,2633,3257
08,honduras,america_central,3311,2787,3080,2572,2555,2663,3023,2756,2506,1811,2257,2393
08,nicaragua,america_central,63984,43599,43243,34776,29863,40154,39336,34329,33737,32360,26453,33578
08,panama,america_central,6963,5608,3117,4391,5326,4036,6450,5813,5435,7219,10768,7729
08,canada,america_del_norte,17556,17367,17102,9094,6024,4388,5619,4846,2525,2916,7629,14788
07,china_taiwan,asia,230,293,290,268,292,252,216,176,207,172,194,249
08,mexico,america_del_norte,4189,3879,6085,4424,5175,4692,8241,5138,4646,4039,4273,4764
08,argentina,america_del_sur,2684,1914,1973,1454,1606,1278,1616,1426,1334,1244,1231,1762
08,bolivia,america_del_sur,153,162,223,230,143,214,256,276,278,297,158,151
08,brasil,america_del_sur,1006,787,943,976,977,1021,1490,1051,922,1087,941,1139
08,chile,america_del_sur,913,1108,734,687,786,719,975,722,918,764,462,562
08,colombia,america_del_sur,3699,2867,3080,2676,2589,2774,3078,2681,2543,2591,2330,2736
08,ecuador,america_del_sur,487,410,432,409,406,436,416,412,390,360,406,319
08,paraguay,america_del_sur,29,47,39,60,54,56,56,51,53,64,93,34
08,peru,america_del_sur,653,482,586,600,824,679,623,752,753,575,684,481
08,uruguay,america_del_sur,159,223,251,253,251,275,306,267,239,339,254,180
08,venezuela,america_del_sur,1673,1544,2014,1691,1648,1549,1714,2190,1639,1336,1575,1933
08,china_taiwan,asia,212,201,269,175,298,213,282,211,239,87,208,278
09,china_taiwan,asia,305,210,300,233,196,174,141,165,201,169,170,176
08,corea_sur_norte,asia,273,219,321,227,224,204,245,243,154,172,155,260
08,israel,asia,804,812,821,960,625,541,812,874,923,1580,854,813
08,japon,asia,444,480,622,430,300,315,367,518,357,282,533,720
10,otros_asia,asia,623,537,679,528,616,453,441,490,443,373,543,745
08,cuba,caribe,643,452,521,429,523,492,606,625,537,303,263,494
08,jamaica,caribe,53,68,51,46,70,54,68,51,25,54,53,23
11,otros_asia,asia,583,495,721,622,637,543,552,550,450,501,688,886
10,china_taiwan,asia,224,220,242,184,213,195,219,150,174,240,278,221
08,republica_dominicana,caribe,464,440,647,482,484,478,661,531,475,453,608,354
08,trinidad_y_tobago,caribe,35,51,111,62,96,57,66,68,53,81,65,27
08,alemania,europa,3732,5458,4686,3042,2381,2124,3448,3124,2480,3305,6407,4518
08,austria,europa,581,740,491,370,239,230,560,530,269,433,1080,601
08,belgica,europa,623,698,734,500,399,478,1215,516,412,914,1159,720
08,dinamarca,europa,634,722,509,281,245,305,522,222,144,240,367,527
11,china_taiwan,asia,217,161,187,166,161,164,182,140,185,120,156,158
08,finlandia,europa,193,209,162,118,132,102,101,79,75,77,260,426
08,francia,europa,3150,4482,3589,3002,1702,1666,3407,3402,1342,1894,3950,3036
08,holanda,europa,2248,2681,2050,2416,1779,1964,4719,2402,2104,2468,3144,2640
08,irlanda,europa,210,293,289,191,223,232,423,383,214,275,349,285
08,italia,europa,2388,1847,1650,1462,1195,1151,1531,1943,1012,960,1466,2389
08,noruega,europa,426,484,557,314,261,344,325,120,112,238,371,529
12,otros_asia,asia,658,564,809,672,803,600,575,667,613,557,839,1079
08,polonia,europa,163,236,147,237,213,119,151,132,148,200,336,126
08,portugal,europa,177,133,291,238,148,137,254,391,160,321,327,222
08,reino_unido,europa,2924,3389,3924,2709,3436,3276,4518,4202,2783,2141,3831,3117
08,republica_checa,europa,174,224,136,104,99,87,55,59,58,80,333,170
08,rusia,europa,479,302,203,255,165,120,163,159,100,315,316,363
08,suecia,europa,1274,971,1097,525,388,432,357,206,245,555,953,1723
08,suiza,europa,1531,1105,1243,1119,793,698,1332,762,576,899,1445,1455
08,no_indica,no_indica,3496,1110,16,19,26,31,13,10,6,6,31,16
08,otras_zonas,otras_zonas,827,601,646,669,723,578,651,557,551,820,993,1011
09,africa,africa,119,145,154,150,129,111,140,170,149,116,107,141
09,belice,america_central,92,39,72,65,60,85,85,81,192,61,81,62
09,el_salvador,america_central,3720,2569,3761,3754,2822,3286,3810,4537,4002,3798,3864,4262
09,guatemala,america_central,3058,2545,3128,2984,2775,3534,3695,3493,4218,3284,3600,4026
09,honduras,america_central,3023,4362,1986,2147,1694,2520,2582,2612,2702,2737,2314,2645
09,nicaragua,america_central,73318,34178,29724,39627,27018,32762,33643,28427,28399,25977,26713,33927
09,panama,america_central,6985,4356,3846,4303,2571,3849,4836,6505,5093,4963,5222,5673
09,canada,america_del_norte,15747,15174,14263,7826,5203,4228,5594,5329,2426,3297,8281,15103
12,china_taiwan,asia,212,164,249,137,138,137,159,153,177,170,173,182
09,mexico,america_del_norte,3810,3180,3559,3725,2607,3680,4894,4580,5134,3767,4266,4569
09,argentina,america_del_sur,3311,1968,1741,1298,1231,1280,1518,1347,1091,1319,1428,1455
09,bolivia,america_del_sur,194,109,152,150,110,150,174,176,128,154,160,131
09,brasil,america_del_sur,1084,1050,968,895,719,875,1013,1012,831,889,1067,1214
09,chile,america_del_sur,1082,838,639,518,504,524,701,639,576,555,618,488
09,colombia,america_del_sur,3923,2305,2405,2514,2104,2597,2866,2906,2446,2594,2711,2643
09,ecuador,america_del_sur,450,295,320,363,361,286,509,432,388,326,401,300
09,paraguay,america_del_sur,39,47,55,50,57,56,65,59,74,51,55,49
09,peru,america_del_sur,819,772,735,606,621,581,816,667,625,672,688,565
09,uruguay,america_del_sur,258,196,275,307,200,247,236,216,223,180,565,188
09,venezuela,america_del_sur,1678,1326,1594,1781,1342,1596,1896,2112,1822,1860,2026,2105
13,china_taiwan,asia,194,163,202,156,169,148,110,107,130,104,169,151
14,eslovaquia,europa,135,167,125,122,55,48,34,32,56,74,137,116
09,corea_sur_norte,asia,260,189,216,227,200,185,271,268,174,231,192,311
09,israel,asia,865,659,802,937,629,583,831,862,878,548,560,818
09,japon,asia,440,425,521,394,229,230,384,433,338,339,391,622
13,otros_asia,asia,672,654,925,681,834,740,753,799,556,541,780,1125
09,cuba,caribe,632,469,564,624,592,641,667,650,565,553,615,471
09,jamaica,caribe,56,74,49,36,72,70,68,94,62,48,59,37
14,otros_asia,asia,191,125,223,138,216,193,136,193,133,98,188,202
15,eslovaquia,europa,102,131,70,130,73,42,36,49,43,49,106,119
09,republica_dominicana,caribe,550,350,455,500,422,499,698,623,460,491,538,250
09,trinidad_y_tobago,caribe,45,39,65,80,71,81,88,93,89,95,65,35
09,alemania,europa,4222,3997,4836,3490,1932,1915,3341,3308,2126,2727,4669,4355
09,austria,europa,658,549,505,365,248,244,555,482,267,270,677,684
09,belgica,europa,704,757,851,883,365,416,1335,596,408,696,1398,1100
09,dinamarca,europa,581,520,377,256,244,251,403,227,135,177,268,384
16,eslovaquia,europa,131,135,103,65,41,71,51,51,70,92,168,119
09,finlandia,europa,406,205,185,126,91,96,68,67,46,57,189,394
09,francia,europa,3868,4057,3713,2903,1351,1287,3021,2474,1050,1575,2712,2726
09,holanda,europa,2496,1923,1818,1919,1429,1296,3908,2596,1725,1417,2098,2381
09,irlanda,europa,223,194,209,192,233,229,338,352,138,166,242,214
09,italia,europa,2352,1712,1606,1244,1037,1139,1506,2134,913,1161,1558,2135
09,noruega,europa,398,358,441,357,212,235,224,151,154,163,248,395
15,otros_asia,asia,128,119,175,202,142,157,133,274,110,114,167,252
09,polonia,europa,289,152,225,112,106,106,121,147,87,87,289,205
09,portugal,europa,154,137,180,122,137,124,153,270,129,102,156,143
09,reino_unido,europa,2968,2700,3219,2398,1858,1785,2943,2720,1341,1702,2614,2634
09,republica_checa,europa,211,167,186,170,77,81,82,48,45,87,170,142
09,rusia,europa,424,181,214,209,211,119,135,117,112,197,204,311
09,suecia,europa,1065,1138,799,479,324,247,291,231,225,362,606,1172
09,suiza,europa,1494,1207,1213,1119,623,665,1330,736,550,684,1214,1508
09,no_indica,no_indica,0,5,8,4,8,12,4,3,7,3,2,0
09,otras_zonas,otras_zonas,807,580,651,591,832,627,610,602,449,558,754,934
10,africa,africa,162,138,191,164,157,138,150,186,143,85,139,170
10,belice,america_central,113,48,46,53,62,68,121,56,59,58,104,55
10,el_salvador,america_central,4649,3681,4853,3917,3953,3854,4278,5775,4226,4309,4504,5670
10,guatemala,america_central,3905,3697,4369,3900,3763,3947,3901,4143,3782,3843,4721,4711
10,honduras,america_central,3829,2224,2936,2541,2370,3125,3133,3023,2622,2933,2649,2658
10,nicaragua,america_central,69058,35306,30047,36591,30040,31745,36954,31917,28576,30218,29555,37355
10,panama,america_central,7890,6700,6116,6018,5204,5344,6590,6380,6988,6768,6594,7326
10,canada,america_del_norte,18343,19026,17675,10251,6230,4674,5855,5573,3231,4143,8510,16143
17,eslovaquia,europa,131,126,147,129,,,,,,,,
10,mexico,america_del_norte,3860,3502,4989,4297,5019,4333,7150,5031,3697,3984,4041,4759
10,argentina,america_del_sur,2744,2048,1808,1613,1535,1191,1598,1629,1238,1384,1498,1794
10,bolivia,america_del_sur,156,120,162,114,166,157,242,236,168,175,163,166
10,brasil,america_del_sur,1394,1158,981,1155,1123,882,1262,1109,913,1048,981,1115
10,chile,america_del_sur,890,1109,554,619,707,525,914,688,683,589,638,588
10,colombia,america_del_sur,3964,2450,2765,2517,2847,2485,3114,2835,2469,2484,2519,2550
10,ecuador,america_del_sur,466,357,391,439,462,412,479,484,468,363,366,352
10,paraguay,america_del_sur,83,50,53,45,42,50,66,112,85,71,77,52
10,peru,america_del_sur,790,735,645,670,766,708,743,878,731,832,870,754
10,uruguay,america_del_sur,237,236,293,260,228,261,262,249,217,223,224,215
10,venezuela,america_del_sur,1977,1617,2006,1894,1896,1646,1870,2548,2204,2249,2299,2380
05,espa�a,europa,2626,2822,3377,2736,3042,3601,5614,8671,4988,4418,3435,3888
06,espa�a,europa,2986,2905,3339,3651,3727,3469,5631,8368,4242,4343,4007,3557
10,corea_sur_norte,asia,340,249,276,246,230,299,273,312,197,218,271,325
10,israel,asia,766,895,1021,632,458,592,887,1007,1041,602,631,979
10,japon,asia,426,538,503,443,249,272,391,514,362,346,415,567
16,otros_asia,asia,189,165,213,173,159,132,169,186,146,149,217,306
10,cuba,caribe,715,497,483,585,509,462,606,450,430,407,410,328
10,jamaica,caribe,41,49,85,74,49,66,76,69,66,44,63,70
17,otros_asia,asia,216,175,241,234,,,,,,,,
07,espa�a,europa,2549,2711,3316,3342,3519,3573,8647,10574,6101,5277,5509,3971
10,republica_dominicana,caribe,433,376,414,348,487,366,673,496,426,377,386,312
10,trinidad_y_tobago,caribe,69,76,106,85,85,76,78,122,62,81,86,46
10,alemania,europa,4440,4732,5422,3144,2260,2103,3442,3445,2445,3147,5183,4776
10,austria,europa,739,696,518,333,246,268,648,470,266,323,573,783
10,belgica,europa,1267,1205,1433,1146,913,792,1188,831,715,1057,1387,1372
10,dinamarca,europa,424,565,414,243,193,280,472,132,148,275,327,361
08,espa�a,europa,3031,3145,3648,3351,3321,4298,6937,9475,4726,4682,4467,2948
10,finlandia,europa,326,244,216,125,86,83,88,102,65,93,190,312
10,francia,europa,3975,4854,3922,2793,1888,1496,3066,3516,1276,1804,3242,3434
10,holanda,europa,2229,2147,1862,1537,1626,1243,4543,2335,2214,1932,2292,2413
10,irlanda,europa,237,237,239,172,149,256,403,318,187,155,204,271
10,italia,europa,2436,1943,1615,1266,1104,1184,1638,2104,1082,1316,1584,2386
10,noruega,europa,332,393,534,258,224,220,272,137,154,178,290,463
05,otros_caribe,caribe,121,80,166,87,131,209,208,237,40,116,88,110
10,polonia,europa,252,214,230,176,89,111,134,160,116,137,288,178
10,portugal,europa,163,167,253,153,210,128,222,323,169,184,190,201
10,reino_unido,europa,2908,4295,3009,2638,1845,1874,4159,2815,1567,1781,3871,3983
10,republica_checa,europa,259,189,218,383,252,79,72,80,98,106,240,208
10,rusia,europa,320,182,221,255,174,117,174,137,168,205,300,310
10,suecia,europa,1009,914,767,391,297,286,351,214,205,375,597,1546
10,suiza,europa,1679,1458,1403,1104,772,697,1437,779,660,989,1454,1904
10,no_indica,no_indica,0,0,1,1,0,0,22,0,0,1,0,7
10,otras_zonas,otras_zonas,913,705,718,594,597,687,598,697,547,605,840,1096
11,africa,africa,170,106,201,184,202,149,152,158,101,143,157,175
11,belice,america_central,90,44,73,61,72,79,82,104,78,53,46,56
11,el_salvador,america_central,5315,4159,4561,5575,4877,4750,5863,5722,5085,4424,5531,5395
11,guatemala,america_central,4443,4054,4433,4201,4364,4564,4380,4345,5051,4517,5694,4713
11,honduras,america_central,3399,2489,2748,2895,2469,2661,3856,3014,3228,2967,3222,2650
11,nicaragua,america_central,67489,35633,31093,39551,32028,33814,37261,32765,29487,28465,29349,35831
11,panama,america_central,10057,6937,6511,6027,5658,6735,6184,6423,7520,7004,8102,7895
11,canada,america_del_norte,23392,22474,21153,9979,5623,4291,6006,5074,2602,4217,9242,18980
09,espa�a,europa,2495,2200,2707,2974,2478,3818,7458,9112,4015,3213,3042,2945
11,mexico,america_del_norte,3861,3522,3924,4762,4174,4203,6357,4742,4153,4301,3941,4767
11,argentina,america_del_sur,3673,2587,2129,1464,1444,1360,1640,1587,1422,1552,1558,1770
11,bolivia,america_del_sur,160,135,131,162,166,163,189,193,172,285,126,189
11,brasil,america_del_sur,1373,877,1206,1058,989,1068,2019,1084,1069,1261,1001,1444
11,chile,america_del_sur,1033,1228,702,570,697,629,904,645,720,715,675,611
11,colombia,america_del_sur,3819,2607,2659,2674,2463,2664,2982,2528,2552,2840,2721,2612
11,ecuador,america_del_sur,590,368,415,389,466,379,671,540,484,588,438,309
11,paraguay,america_del_sur,52,78,80,31,99,50,109,116,82,166,64,48
11,peru,america_del_sur,1012,916,909,739,781,645,953,769,718,1049,823,762
11,uruguay,america_del_sur,292,295,246,248,276,219,288,259,215,287,218,187
11,venezuela,america_del_sur,2273,1907,2115,2174,2008,2219,2461,2757,2384,2610,2548,2781
10,espa�a,europa,2656,2586,3371,2561,2734,3709,7949,7700,4394,3636,3776,3420
11,espa�a,europa,3388,3055,3575,3436,2943,3458,5351,7106,4003,3977,3933,3557
11,corea_sur_norte,asia,341,240,300,298,254,360,299,283,181,185,284,286
11,israel,asia,1112,988,792,1186,755,781,1023,1023,915,1066,738,831
11,japon,asia,473,504,448,342,352,251,363,416,323,281,357,648
06,otros_caribe,caribe,86,97,131,188,129,98,125,91,120,100,105,77
11,cuba,caribe,541,337,331,371,408,362,444,340,321,344,320,280
11,jamaica,caribe,54,54,54,49,50,65,42,71,86,69,74,51
07,otros_caribe,caribe,90,122,171,134,175,153,208,175,172,187,153,88
12,espa�a,europa,3371,3072,3904,3462,3039,3320,4938,6789,4205,4062,3885,3458
11,republica_dominicana,caribe,512,385,468,384,434,532,400,480,382,451,453,318
11,trinidad_y_tobago,caribe,74,77,81,80,71,88,116,121,75,72,66,55
11,alemania,europa,5258,5666,5854,4013,2324,2463,3792,3671,2513,3340,5179,5152
11,austria,europa,845,875,590,409,243,261,739,451,277,335,582,741
11,belgica,europa,1298,1399,1196,1258,496,503,1623,688,723,776,1232,1316
11,dinamarca,europa,705,681,377,321,195,250,485,175,130,222,288,440
13,espa�a,europa,3718,3646,3959,3656,3250,3498,4777,7248,5154,5045,4951,4048
11,finlandia,europa,369,206,133,126,66,104,105,49,66,84,157,310
11,francia,europa,5076,5410,4966,3592,1764,1476,3418,2884,1232,1910,3173,3389
11,holanda,europa,2678,2562,2253,1764,1547,1564,4588,2522,1603,1826,2400,2424
11,irlanda,europa,255,247,188,211,188,185,295,269,125,131,235,228
11,italia,europa,2684,2164,1654,1420,1057,1137,1569,1993,1078,1304,1680,2485
11,noruega,europa,476,433,440,449,177,215,256,120,123,196,273,551
08,otros_caribe,caribe,78,121,248,151,123,128,274,204,119,177,119,111
11,polonia,europa,268,365,250,282,124,119,159,134,147,106,282,189
11,portugal,europa,189,170,223,290,129,145,159,236,130,111,191,161
11,reino_unido,europa,4395,4620,4726,3718,1803,1737,3282,2554,1430,1629,2566,3229
11,republica_checa,europa,272,249,211,111,72,66,92,61,57,99,186,163
11,rusia,europa,480,242,298,199,204,180,158,200,213,252,378,474
11,suecia,europa,1435,1213,962,572,264,295,308,177,173,432,609,1402
11,suiza,europa,1946,1741,1474,1516,768,756,1846,809,656,1051,1663,1983
11,no_indica,no_indica,0,2,1,3,0,0,0,0,0,0,0,0
11,otras_zonas,otras_zonas,1283,735,766,733,729,737,769,612,575,657,883,1134
12,africa,africa,176,160,210,163,190,143,136,156,133,117,186,201
12,belice,america_central,84,54,79,50,45,78,95,96,44,79,83,59
12,el_salvador,america_central,5590,4666,5341,5625,4832,6394,6129,6130,4605,4758,5172,5681
12,guatemala,america_central,4660,4257,4591,4596,4877,4598,4835,4732,4181,4429,5022,4556
12,honduras,america_central,4048,2381,2761,2972,2765,2774,3157,2837,2620,3304,2674,2743
12,nicaragua,america_central,77424,38608,34016,44680,32324,36108,39142,33703,32278,34379,34708,36641
12,panama,america_central,10899,8045,6494,6668,5907,7446,6226,6443,7341,7295,8756,9379
12,canada,america_del_norte,25475,25797,23023,11028,6672,5050,7818,6377,3501,4912,10910,21005
14,espa�a,europa,4745,4388,4514,4853,4073,4337,6269,9193,6605,5226,5728,4372
12,mexico,america_del_norte,4180,3864,4869,5052,4843,4890,8460,6197,5961,6048,5576,7019
12,argentina,america_del_sur,4133,2768,2473,1813,1573,1495,1901,1744,1380,1564,1577,2124
12,bolivia,america_del_sur,181,129,132,161,171,122,206,151,142,155,125,151
12,brasil,america_del_sur,1634,1399,1272,1005,1208,939,1427,1213,1154,1049,1343,1428
12,chile,america_del_sur,1060,1132,736,732,710,699,1050,631,776,731,819,924
12,colombia,america_del_sur,3776,2546,2797,2706,2445,2599,2947,2648,2730,2840,2694,2984
12,ecuador,america_del_sur,556,417,469,426,535,362,553,507,473,457,483,436
12,paraguay,america_del_sur,83,63,57,72,89,51,68,91,73,97,112,56
12,peru,america_del_sur,923,937,862,791,806,687,907,964,810,830,835,812
12,uruguay,america_del_sur,354,258,285,245,229,272,309,251,260,217,247,223
12,venezuela,america_del_sur,2528,2245,2181,2403,2188,2346,2774,2771,2578,2533,3274,3611
15,espa�a,europa,4741,4088,5172,4610,4103,4391,6783,10411,5960,5037,5322,4570
16,espa�a,europa,4750,4224,5284,4082,4141,4380,7947,10945,5928,5021,5455,5296
12,corea_sur_norte,asia,309,235,394,313,251,238,292,275,209,242,302,377
12,israel,asia,987,1040,1078,1106,838,767,1073,875,1151,638,676,866
12,japon,asia,516,482,532,376,311,339,371,451,385,251,396,707
09,otros_caribe,caribe,114,110,175,187,129,81,190,181,164,78,159,119
12,cuba,caribe,442,282,308,322,309,245,314,285,259,272,280,265
12,jamaica,caribe,40,50,49,42,62,75,89,67,57,36,61,70
10,otros_caribe,caribe,136,128,214,217,93,137,230,151,114,122,120,122
17,espa�a,europa,4965,4347,4628,5469,,,,,,,,
12,republica_dominicana,caribe,479,409,395,469,408,388,445,446,384,398,394,278
12,trinidad_y_tobago,caribe,68,80,78,81,77,105,95,91,106,48,98,58
12,alemania,europa,5454,6391,7119,3817,2406,2251,3876,3715,2573,3158,5182,4996
12,austria,europa,843,889,658,390,258,276,610,457,315,317,484,653
12,belgica,europa,1197,1319,1249,762,389,416,1487,588,498,530,836,964
12,dinamarca,europa,734,577,314,250,166,254,408,163,116,235,314,471
05,estados_unidos,america_del_norte,66095,71945,90193,63650,60659,75428,80576,57000,34519,38096,50541,69432
12,finlandia,europa,259,237,175,119,84,69,66,55,65,76,153,309
12,francia,europa,4656,5658,4410,3765,1933,1330,3487,3197,1237,1968,3077,3421
12,irlanda,europa,208,217,226,209,227,151,306,228,132,165,245,240
12,italia,europa,2727,2096,1607,1373,1193,1163,1552,2099,1146,1341,1686,2352
12,noruega,europa,455,420,465,306,210,229,277,128,138,159,337,511
11,otros_caribe,caribe,113,127,128,130,132,166,153,196,134,205,135,106
06,estados_unidos,america_del_norte,72761,72561,86052,63199,55581,70383,68418,52492,31389,34813,50610,72977
12,polonia,europa,224,294,268,155,140,126,140,176,106,144,446,186
12,portugal,europa,164,139,230,176,274,126,166,196,134,124,157,130
12,reino_unido,europa,3342,3808,3587,2637,1722,1674,2431,2368,1310,2013,3586,3452
12,republica_checa,europa,180,195,189,130,75,52,108,80,62,137,239,171
12,rusia,europa,487,264,279,319,302,149,190,223,185,255,356,535
12,suecia,europa,1327,1189,766,569,281,251,241,200,186,335,630,1856
12,suiza,europa,2158,1900,1663,1553,837,748,1964,831,655,886,1619,2055
12,otras_zonas,otras_zonas,1261,820,850,833,767,751,796,710,600,642,975,1321
13,africa,africa,163,124,204,201,192,160,159,195,249,146,163,211
13,belice,america_central,122,55,213,57,123,53,114,88,63,50,55,67
13,el_salvador,america_central,5998,4679,6571,5116,5237,4964,5330,6008,4535,5182,5160,5772
13,guatemala,america_central,4962,4309,5335,4991,4892,4781,4551,4139,4579,4685,4770,4762
13,honduras,america_central,3940,2372,3538,3146,2874,4693,3316,2838,3096,3221,2695,3111
13,nicaragua,america_central,77593,37904,38177,42891,33728,35684,39567,32711,31795,33082,34450,39096
13,panama,america_central,11683,8831,7068,6903,7221,7952,6754,7391,8244,8183,8844,9201
13,canada,america_del_norte,26054,26044,23053,12947,7852,5740,8968,7180,3989,5187,11592,21792
07,estados_unidos,america_del_norte,69209,71420,83719,65713,61873,80881,81924,59526,35043,39748,61709,79550
13,mexico,america_del_norte,5906,5431,6826,5903,5738,5614,8271,5988,5298,5828,5191,6574
13,argentina,america_del_sur,4600,2429,2312,1871,1577,1491,1730,1616,1357,1534,1500,1839
13,bolivia,america_del_sur,206,125,122,161,132,164,250,155,209,143,216,189
13,brasil,america_del_sur,1813,1407,1248,1240,1204,1254,1581,1271,1085,1020,1214,1597
13,chile,america_del_sur,2021,1732,747,724,684,717,1109,813,754,701,725,679
13,colombia,america_del_sur,3960,2642,2797,2979,2677,2892,3074,3102,2682,2977,3007,3413
13,ecuador,america_del_sur,631,372,456,472,466,517,552,517,550,405,396,400
13,paraguay,america_del_sur,83,68,71,77,77,71,63,79,61,38,117,67
13,peru,america_del_sur,913,799,839,867,879,771,748,822,722,715,672,643
13,uruguay,america_del_sur,349,297,472,297,271,300,262,235,190,213,246,222
13,venezuela,america_del_sur,3176,3156,2950,2911,2809,3011,4029,4281,4322,6666,9825,8268
08,estados_unidos,america_del_norte,75469,79748,98821,70171,62685,82660,82233,63243,31085,37756,51021,72270
09,estados_unidos,america_del_norte,69586,66367,81591,67904,61125,78381,79344,62783,34749,36730,53784,77785
13,corea_sur_norte,asia,385,247,352,220,273,241,326,320,249,223,328,318
13,israel,asia,938,1075,1347,897,932,666,1009,891,786,466,736,1021
13,japon,asia,527,475,536,381,335,327,341,407,334,328,374,567
12,otros_caribe,caribe,130,106,171,157,150,210,179,199,151,142,149,114
13,cuba,caribe,483,252,265,326,225,242,319,242,261,203,283,271
13,jamaica,caribe,48,27,123,71,71,78,96,119,71,57,65,65
13,otros_caribe,caribe,132,112,158,155,131,230,163,282,166,105,125,133
10,estados_unidos,america_del_norte,76276,79446,95926,69381,62681,84462,85245,65090,37288,39149,56984,79065
13,republica_dominicana,caribe,462,436,391,519,439,474,450,513,428,377,389,277
13,trinidad_y_tobago,caribe,48,87,61,79,75,83,134,192,97,77,58,80
13,alemania,europa,5775,7159,6577,4173,2603,2464,3933,4176,3090,3361,5791,5652
13,austria,europa,874,955,579,433,282,348,726,510,360,384,594,813
13,belgica,europa,874,927,1038,573,383,499,1284,542,510,574,988,985
13,dinamarca,europa,613,521,482,284,154,194,443,178,119,222,363,388
11,estados_unidos,america_del_norte,81587,83787,102549,72936,62118,86000,86623,59716,34883,39093,61463,88074
13,finlandia,europa,271,298,154,109,72,120,99,64,58,88,168,384
13,francia,europa,4289,5516,4395,4036,1651,1589,3853,3324,1486,2044,3899,3646
13,irlanda,europa,228,243,250,208,204,222,347,280,160,189,213,250
13,italia,europa,2765,2273,1721,1676,1258,1362,1724,2275,1231,1608,2032,2877
13,noruega,europa,404,396,488,294,200,251,281,125,106,161,301,494
14,otros_caribe,caribe,39,43,55,39,39,56,48,64,31,39,42,26
12,estados_unidos,america_del_norte,88043,92139,110993,76780,67965,93667,91547,67335,36850,41924,63764,90090
13,polonia,europa,289,297,207,226,170,113,157,171,157,200,451,262
13,portugal,europa,176,167,194,213,134,129,157,197,155,173,219,212
13,reino_unido,europa,3518,4073,3997,2868,2029,2116,3516,3010,1575,1748,3058,3690
13,republica_checa,europa,158,272,264,210,71,67,83,73,124,82,375,249
13,rusia,europa,621,355,365,374,348,146,181,177,195,235,484,665
13,suecia,europa,1281,1093,810,431,271,261,281,199,181,319,623,1759
13,suiza,europa,1971,1851,1843,1464,925,819,1889,832,747,947,1679,2097
13,otras_zonas,otras_zonas,1374,935,848,968,929,910,1013,863,765,724,1065,1460
14,arabia_saudita,africa,20,8,23,10,20,14,8,17,15,12,,26
14,libano,africa,9,17,13,32,10,10,13,25,7,5,14,20
14,marruecos,africa,11,13,15,19,14,13,9,10,9,10,30,11
14,nigeria,africa,12,7,63,9,17,12,18,23,15,9,13,10
15,otros_caribe,caribe,68,61,47,69,69,39,35,152,42,40,46,41
14,sudafrica,africa,93,102,129,133,87,97,108,92,90,96,96,117
14,belice,america_central,66,36,75,60,63,88,98,62,71,61,79,59
14,el_salvador,america_central,5569,4545,4941,5507,5134,4664,5231,6456,4868,4983,5213,6103
14,guatemala,america_central,4310,4369,4860,4389,4870,4789,4703,4450,4570,4497,5037,4833
14,honduras,america_central,4182,2557,2740,3083,2941,3056,3216,3289,3125,3106,2661,3001
14,nicaragua,america_central,81578,40597,35520,42696,33261,35022,37297,31947,30230,28898,29110,37803
14,panama,america_central,12106,7682,6624,6316,6506,6628,6427,6907,8487,8974,9103,10260
14,canada,america_del_norte,27579,28515,25276,13643,8504,6500,8709,7283,4055,5712,13104,23850
13,estados_unidos,america_del_norte,87324,89828,111005,74646,68674,94487,95661,69338,36463,40927,62808,98241
14,mexico,america_del_norte,5043,4767,5259,6473,5662,6987,8124,6369,5910,5914,6955,7582
14,argentina,america_del_sur,3631,2114,2076,1662,1467,1138,1550,1510,1334,1407,1576,1783
14,bolivia,america_del_sur,157,155,161,124,151,196,183,162,166,135,196,133
14,brasil,america_del_sur,1561,1381,1525,1569,1412,982,1305,1495,1461,1327,1426,2261
14,chile,america_del_sur,1287,1435,814,660,674,576,906,852,757,622,696,743
14,colombia,america_del_sur,4012,2828,3034,2990,2925,2737,3011,3278,3074,3256,3263,3471
14,ecuador,america_del_sur,617,420,539,481,655,380,513,505,416,398,464,458
14,guyana,america_del_sur,13,11,15,14,22,20,19,34,19,20,22,14
14,paraguay,america_del_sur,81,79,171,68,110,39,60,108,73,22,95,58
14,peru,america_del_sur,829,867,720,603,638,695,960,870,668,698,753,683
14,surinam,america_del_sur,10,8,15,8,3,7,5,11,5,10,11,5
14,uruguay,america_del_sur,258,338,282,356,255,241,282,296,249,195,255,226
14,venezuela,america_del_sur,4981,3467,2014,2243,2043,1785,2192,2230,2021,2268,2416,2357
14,estados_unidos,america_del_norte,95086,95435,117067,85128,75035,100499,103364,74214,37365,43721,67301,103047
14,filipinas,asia,172,146,163,161,151,129,184,152,132,102,129,109
14,india,asia,337,341,491,412,498,449,492,459,278,241,527,898
14,israel,asia,1434,1502,1309,1596,942,882,990,923,812,967,707,1378
14,japon,asia,518,562,588,356,311,280,343,421,415,304,483,695
16,otros_caribe,caribe,47,48,49,50,45,36,64,55,48,44,51,34
15,estados_unidos,america_del_norte,98009,102252,122826,91269,75064,100724,104342,75654,44540,51889,84626,125849
16,estados_unidos,america_del_norte,119582,123597,147421,104096,91917,122704,125381,88828,52957,57005,77797,121992
14,taiwan,asia,172,196,246,122,175,132,142,95,99,95,168,138
14,bahamas,caribe,17,12,12,56,21,39,65,23,24,27,18,16
14,bermuda,caribe,18,20,55,82,53,30,40,60,33,19,23,45
14,cuba,caribe,304,190,243,258,223,228,278,239,191,205,215,252
14,haiti,caribe,46,28,18,20,33,26,36,38,26,23,42,27
14,jamaica,caribe,93,57,93,66,66,72,69,84,73,51,71,45
17,otros_caribe,caribe,39,110,53,45,,,,,,,,
17,estados_unidos,america_del_norte,111160,116294,147052,110022,,,,,,,,
14,republica_dominicana,caribe,430,480,403,431,396,384,467,534,444,351,449,337
14,trinidad_y_tobago,caribe,77,85,74,125,86,119,93,184,77,69,99,72
14,alemania,europa,6261,7302,8195,5264,2961,2364,4578,5327,3719,4244,7056,6645
14,austria,europa,922,989,715,473,323,314,719,597,371,385,758,842
14,belgica,europa,1270,1171,1082,1046,480,527,1409,698,569,527,1063,873
14,dinamarca,europa,737,630,368,414,187,177,413,213,149,348,385,518
13,paises_bajos,europa,2306,2047,1739,1645,1203,1331,3737,1828,1486,1486,2163,2150
15,paises_bajos,europa,2708,2542,2016,1731,1395,1276,5069,2269,1573,1587,2321,2596
14,finlandia,europa,313,240,184,116,93,75,68,63,74,91,185,394
14,francia,europa,6071,7843,6855,4491,2324,1606,4146,3457,1394,2416,4508,4570
14,hungria,europa,187,165,102,62,54,39,41,49,47,67,136,107
14,irlanda,europa,244,233,245,258,213,279,398,240,176,146,236,236
14,italia,europa,3422,3042,2416,2013,1449,1443,1821,2548,1483,1767,2476,3342
14,noruega,europa,448,439,525,425,174,226,267,137,143,180,459,546
05,otros_eu,europa,1268,1174,1107,1028,946,780,943,1196,707,1061,1229,1403
14,paises_bajos,europa,2873,2668,2177,1762,1339,1128,4660,2091,1528,1727,2291,2427
14,polonia,europa,413,558,485,251,178,183,133,202,178,207,396,287
14,portugal,europa,246,249,343,361,184,159,220,268,209,250,306,303
14,reino_unido,europa,4258,4207,4061,3468,2401,2142,3871,3444,1829,2184,3415,4265
14,republica_checa,europa,380,422,348,273,121,85,126,109,106,133,508,313
14,rumania,europa,162,188,181,107,78,86,87,83,61,60,122,173
14,rusia,europa,687,521,422,445,304,247,232,262,257,354,531,716
14,suecia,europa,1343,1258,920,582,273,306,342,215,254,425,1034,2936
14,suiza,europa,2319,2062,1805,1776,909,852,1952,991,938,1129,1971,2289
14,no_indica,no_indica,,,1,,,,1,,,,,
14,australia,oceania,1355,861,786,906,886,936,927,813,703,757,1050,1303
14,nueva_zelanda,oceania,225,150,264,165,197,185,210,197,161,187,236,322
06,otros_eu,europa,1464,1341,1330,1079,912,667,958,1198,792,909,1479,1503
15,arabia_saudita,africa,8,6,29,14,16,3,22,14,14,4,21,21
15,libano,africa,18,23,15,11,15,15,9,22,10,9,17,26
15,marruecos,africa,23,5,23,17,6,9,28,26,20,17,22,19
15,nigeria,africa,32,38,23,14,11,14,20,72,18,18,13,22
07,otros_eu,europa,1566,2662,1636,1209,1198,1050,1501,1540,1025,1066,1878,2062
15,sudafrica,africa,84,125,107,105,124,84,111,73,71,119,87,151
15,belice,america_central,94,57,52,113,68,46,72,86,67,45,61,51
15,el_salvador,america_central,5852,4630,5754,5904,5401,5292,5890,6811,5138,5664,5972,7119
15,guatemala,america_central,4801,4262,4842,4685,4862,4839,4488,4623,4213,4899,5626,5460
15,honduras,america_central,4071,2501,3363,2967,3024,2780,3684,3269,3474,3446,3188,3793
15,nicaragua,america_central,68213,35373,32239,41054,33120,34593,37968,32003,30990,32157,29658,39502
15,panama,america_central,12328,8305,6719,6174,6540,6138,6502,6464,9010,8595,9606,10754
15,canada,america_del_norte,29102,30151,24938,13952,8497,6194,8883,7301,4327,6098,13438,22890
16,paises_bajos,europa,2742,2911,2217,2083,1394,1294,4843,2399,1344,1646,1969,2287
15,mexico,america_del_norte,6028,5367,6878,6244,6103,6430,9370,7526,7580,6939,8028,8447
15,argentina,america_del_sur,3477,2200,1984,1773,1787,1633,2063,1663,1599,1636,2125,2264
15,bolivia,america_del_sur,204,160,155,213,192,171,187,162,221,140,189,211
15,brasil,america_del_sur,2267,1787,1391,1635,1512,1380,1809,1481,1302,1299,1883,1526
15,chile,america_del_sur,1579,1574,862,757,766,808,1148,843,830,833,1027,860
15,colombia,america_del_sur,4307,3093,3568,3123,3172,3107,3597,3309,3204,3433,3707,3565
15,ecuador,america_del_sur,765,426,516,402,558,432,544,523,574,435,522,474
15,guyana,america_del_sur,17,5,20,18,20,16,25,25,23,18,18,15
15,paraguay,america_del_sur,93,64,119,84,136,65,76,62,138,67,80,70
15,peru,america_del_sur,869,919,860,882,918,891,996,906,1103,922,986,1016
15,surinam,america_del_sur,19,4,8,5,9,10,14,5,11,8,9,4
15,uruguay,america_del_sur,311,402,359,266,357,319,340,278,293,259,352,299
15,venezuela,america_del_sur,3057,2369,2359,2513,2651,2495,3278,3211,3045,3190,3324,3253
17,paises_bajos,europa,2805,2441,2172,2273,,,,,,,,
15,filipinas,asia,136,156,154,206,151,196,147,148,97,119,143,188
15,india,asia,425,330,503,496,511,555,583,479,381,410,771,1121
15,israel,asia,1566,1569,1520,1649,1075,1197,1437,1125,1375,866,880,1547
15,japon,asia,474,676,588,444,372,319,403,409,363,259,448,706
08,otros_eu,europa,560,600,609,479,482,415,465,471,366,407,763,745
12,paises_bajos,europa,2560,2607,2195,1767,1200,1242,4710,1952,1719,1488,2106,2212
05,puerto_rico,caribe,29,48,70,42,50,73,142,55,43,52,138,65
15,bahamas,caribe,33,27,74,30,26,18,73,73,9,13,24,22
15,bermuda,caribe,22,34,99,48,40,27,34,37,57,26,35,22
15,cuba,caribe,442,194,217,170,198,176,284,287,193,216,302,240
15,haiti,caribe,65,26,12,6,33,25,28,32,19,18,59,23
15,jamaica,caribe,70,125,83,83,87,73,98,146,71,65,53,50
09,otros_eu,europa,721,522,703,512,369,342,365,428,305,317,572,754
06,puerto_rico,caribe,72,37,49,69,35,72,130,36,46,30,36,52
15,republica_dominicana,caribe,468,461,406,479,394,489,443,480,447,465,428,352
15,trinidad_y_tobago,caribe,77,76,77,124,89,225,256,236,84,57,72,67
15,alemania,europa,6667,7681,9192,5239,3378,2635,5187,5800,3291,4028,6786,6566
15,austria,europa,999,1008,893,409,328,281,803,749,337,365,683,824
15,belgica,europa,906,1036,1118,1154,440,428,1562,814,524,549,967,1099
15,dinamarca,europa,1023,716,551,275,235,237,595,184,152,252,431,720
07,puerto_rico,caribe,28,22,36,63,61,108,161,46,29,27,32,34
08,puerto_rico,caribe,0,9,4,3,0,4,11,29,9,3,9,2
15,finlandia,europa,356,212,200,120,73,76,83,63,57,89,256,534
15,francia,europa,6519,8560,6252,5826,2663,2016,4922,4174,1464,2616,4705,5056
15,hungria,europa,159,136,89,110,76,46,63,59,41,78,142,126
15,irlanda,europa,338,308,259,256,262,217,369,316,161,210,284,344
15,italia,europa,3497,2856,2310,1926,1467,1600,2057,3156,1549,1882,2371,3735
15,noruega,europa,402,480,577,270,173,209,349,131,127,217,459,441
10,otros_eu,europa,859,682,679,538,391,387,450,504,378,363,607,802
09,puerto_rico,caribe,2,4,3,4,5,2,7,2,6,3,7,2
15,polonia,europa,391,509,318,237,184,157,236,171,148,203,571,389
15,portugal,europa,291,296,313,362,234,166,269,394,208,248,331,288
15,reino_unido,europa,4559,5083,4946,3721,2456,2497,4746,4165,1878,2158,5368,5922
15,republica_checa,europa,305,348,297,178,73,69,134,98,89,104,223,268
15,rumania,europa,168,136,126,132,123,119,76,107,83,97,183,149
15,rusia,europa,653,324,386,316,248,203,225,303,206,304,344,506
15,suecia,europa,1791,1346,1044,573,238,304,311,222,236,429,1033,3061
15,suiza,europa,2476,2324,2016,2035,1028,888,2054,1011,786,1122,2084,2559
15,no_indica,no_indica,,,,,8,,,,,,,
15,australia,oceania,1385,1064,865,846,812,816,833,840,755,787,1074,1565
15,nueva_zelanda,oceania,229,123,190,239,209,203,266,215,170,185,231,262
11,otros_eu,europa,868,733,700,602,453,366,481,450,410,483,605,933
16,alemania,europa,7792,8263,8961,5363,3815,2852,5592,5035,3277,4281,6586,6122
16,arabia_saudita,africa,24,4,30,11,25,7,13,26,11,4,10,16
16,argentina,america_del_sur,4853,2782,3109,2664,2109,1802,2281,1890,1889,1843,1951,2696
16,australia,oceania,1671,1195,991,1148,1134,946,931,931,906,1020,1090,1592
16,austria,europa,1068,1055,631,460,288,286,838,579,334,428,753,840
16,bahamas,caribe,25,26,13,18,26,22,71,41,34,21,14,12
16,belgica,europa,1005,1053,1236,671,504,477,1541,713,532,632,823,1180
16,belice,america_central,76,35,80,58,97,60,123,60,71,57,94,58
16,bermuda,caribe,28,21,55,64,24,23,23,43,26,30,83,23
16,bolivia,america_del_sur,200,142,169,169,187,156,218,196,201,183,200,163
16,brasil,america_del_sur,1713,1492,1301,1734,1632,1474,1996,1787,1777,1578,1734,1787
16,canada,america_del_norte,30197,30524,23300,15023,9630,7241,10005,8771,5225,7638,14395,26155
16,chile,america_del_sur,1684,1696,898,976,849,762,1187,1084,1016,1035,914,990
10,puerto_rico,caribe,1,2,4,0,2,12,61,2,4,3,4,0
16,colombia,america_del_sur,4622,3252,3310,3413,3265,3565,4049,3522,3365,3536,3813,3994
16,cuba,caribe,335,277,256,309,236,228,307,218,302,218,238,237
16,dinamarca,europa,1032,994,664,351,281,320,858,304,146,272,331,668
16,ecuador,america_del_sur,579,468,460,606,484,424,583,629,461,528,579,442
16,el_salvador,america_central,6517,5638,6975,5663,6161,5762,8200,7020,5603,5903,6582,8249
11,puerto_rico,caribe,1,0,4,6,2,1,6,0,2,1,0,2
12,puerto_rico,caribe,1,2,1,,6,4,4,8,2,2,1,4
17,puerto_rico,caribe,,,1,3,,,,,,,,
16,filipinas,asia,215,224,164,184,214,159,162,190,180,154,174,190
16,finlandia,europa,407,336,220,112,105,82,120,69,46,88,224,352
16,francia,europa,7197,9808,6526,6806,2539,2064,5367,4547,1793,3122,5435,6299
16,guatemala,america_central,5038,5261,5140,5092,5307,5215,5882,5198,4677,5176,6146,6931
16,guyana,america_del_sur,11,12,17,18,14,17,29,23,12,21,16,25
16,haiti,caribe,48,40,26,23,26,33,62,44,25,26,28,34
16,honduras,america_central,4123,2957,3670,3076,2872,2906,4178,3293,3001,3283,3786,3333
16,hungria,europa,159,150,108,71,83,44,58,43,48,89,124,128
16,india,asia,500,554,599,569,586,447,640,535,423,391,629,1212
16,irlanda,europa,336,348,374,304,246,287,513,401,237,254,312,365
16,israel,asia,1699,2088,1825,1846,1325,926,1343,1261,936,1697,837,1403
16,italia,europa,3736,3146,2437,1969,1580,1674,2337,3668,1585,1819,2365,3659
16,jamaica,caribe,75,66,88,87,96,87,94,107,65,71,61,74
16,japon,asia,526,612,594,382,325,340,344,433,318,346,501,680
16,libano,africa,20,11,15,17,13,26,21,18,13,11,15,12
16,marruecos,africa,16,16,12,22,18,8,19,36,7,13,9,45
16,mexico,america_del_norte,6659,6706,8381,6741,7767,7605,10637,8507,7895,7507,7571,8523
16,nicaragua,america_central,68952,34063,40858,33069,31704,33344,39511,31496,30382,30865,27250,38544
16,nigeria,africa,12,18,20,21,22,23,28,31,32,20,12,12
16,noruega,europa,486,455,568,249,156,209,318,121,136,221,300,397
16,nueva_zelanda,oceania,246,194,171,295,265,231,264,218,205,220,259,283
12,otros_eu,europa,1043,794,858,719,478,380,527,552,364,484,783,883
13,otros_eu,europa,945,864,891,743,559,536,622,627,391,550,900,1012
14,otros_eu,europa,968,967,831,588,457,343,427,426,294,442,716,915
15,otros_eu,europa,958,739,725,649,474,316,473,519,340,412,729,988
16,otros_eu,europa,1058,1051,769,629,516,384,700,513,444,512,764,1114
13,puerto_rico,caribe,,2,1,,,2,,,2,2,3,
16,panama,america_central,12734,8325,7010,6428,5941,6783,6882,7185,8522,8120,9856,12131
16,paraguay,america_del_sur,108,111,58,90,100,80,92,70,81,168,68,69
16,peru,america_del_sur,1115,1162,1206,1130,1073,879,1371,1154,987,1050,1126,1075
16,polonia,europa,473,485,339,374,267,199,246,225,224,235,483,367
16,portugal,europa,320,319,367,284,216,230,306,401,196,230,387,314
14,puerto_rico,caribe,3,,,,1,,,,,1,1,2
16,reino_unido,europa,6785,7506,6467,5270,4898,4633,8067,6476,3598,4395,5995,7302
15,puerto_rico,caribe,1,,3,1,1,8,1,,,,,1
16,puerto_rico,caribe,1,1,1,1,0,3,4,4,0,1,3,0
16,republica_checa,europa,277,312,238,221,119,87,86,65,109,182,329,237
16,republica_dominicana,caribe,474,478,445,473,430,422,509,518,501,517,416,358
16,rumania,europa,164,169,148,109,106,94,76,208,444,147,171,190
16,rusia,europa,541,317,339,350,334,216,253,223,216,301,451,545
16,sudafrica,africa,102,98,95,130,127,94,125,65,87,81,101,172
16,suecia,europa,1862,1720,1095,544,342,428,436,264,303,438,817,2397
16,suiza,europa,2610,2505,2071,1992,1025,941,2493,1127,819,1283,1950,2426
16,surinam,america_del_sur,8,6,7,5,9,13,12,4,1,20,7,2
16,taiwan,asia,174,159,180,102,153,127,107,99,90,136,163,145
16,trinidad_y_tobago,caribe,74,101,70,111,132,72,144,117,71,71,66,76
16,uruguay,america_del_sur,359,299,293,362,285,316,365,331,296,318,326,288
16,venezuela,america_del_sur,4088,3254,3591,3141,3328,3008,4269,4220,4072,4644,4963,4933
17,canada,america_del_norte,33365,33852,29979,17256,,,,,,,,
14,corea_sur,asia,430,278,342,295,256,363,316,397,275,298,299,373
17,mexico,america_del_norte,7070,7635,7316,9461,,,,,,,,
17,belice,america_central,95,56,120,92,,,,,,,,
17,el_salvador,america_central,6831,6114,6132,7813,,,,,,,,
17,guatemala,america_central,6165,6779,6390,6847,,,,,,,,
17,honduras,america_central,4435,3252,2860,3695,,,,,,,,
17,nicaragua,america_central,68635,32718,29193,42601,,,,,,,,
17,panama,america_central,12501,9738,6820,7648,,,,,,,,
17,argentina,america_del_sur,4875,3137,2711,2488,,,,,,,,
17,bolivia,america_del_sur,227,136,141,167,,,,,,,,
17,brasil,america_del_sur,2100,1800,1835,1933,,,,,,,,
17,chile,america_del_sur,1675,1922,1193,1002,,,,,,,,
17,colombia,america_del_sur,4840,3733,3883,4415,,,,,,,,
17,ecuador,america_del_sur,638,438,581,512,,,,,,,,
17,guyana,america_del_sur,23,21,14,16,,,,,,,,
17,paraguay,america_del_sur,82,70,70,84,,,,,,,,
17,peru,america_del_sur,1145,1121,1107,1032,,,,,,,,
17,surinam,america_del_sur,2,11,17,8,,,,,,,,
17,uruguay,america_del_sur,369,320,323,392,,,,,,,,
17,venezuela,america_del_sur,5515,4880,2991,2919,,,,,,,,
17,bahamas,caribe,18,17,32,64,,,,,,,,
17,bermuda,caribe,18,62,35,42,,,,,,,,
17,cuba,caribe,340,251,269,305,,,,,,,,
17,haiti,caribe,39,45,30,42,,,,,,,,
17,jamaica,caribe,70,84,79,101,,,,,,,,
15,corea_sur,asia,461,432,350,327,230,356,308,289,250,300,378,486
17,republica_dominicana,caribe,573,495,447,486,,,,,,,,
17,trinidad_y_tobago,caribe,78,125,73,246,,,,,,,,
17,otros_eu,europa,1260,1145,910,852,,,,,,,,
17,alemania,europa,6675,7875,9766,6497,,,,,,,,
17,austria,europa,978,1037,785,510,,,,,,,,
17,belgica,europa,1102,1169,1301,1174,,,,,,,,
17,dinamarca,europa,923,986,581,550,,,,,,,,
16,corea_sur,asia,502,415,451,292,283,321,368,286,279,343,373,429
17,corea_sur,asia,506,564,498,419,,,,,,,,
17,finlandia,europa,279,261,199,127,,,,,,,,
17,francia,europa,8040,10977,9588,6518,,,,,,,,
17,hungria,europa,177,172,147,123,,,,,,,,
17,irlanda,europa,400,301,327,369,,,,,,,,
17,israel,europa,1548,1390,1376,1924,,,,,,,,
17,italia,europa,3651,3060,2483,2086,,,,,,,,
17,noruega,europa,452,386,355,394,,,,,,,,
14,core_norte,asia,0,0,30,0,0,0,0,0,0,0,0,0
17,polonia,europa,483,498,361,371,,,,,,,,
17,portugal,europa,306,360,395,463,,,,,,,,
17,reino_unido,europa,8085,7931,7368,6933,,,,,,,,
17,rep_checa,europa,405,431,406,216,,,,,,,,
17,rumania,europa,215,173,143,137,,,,,,,,
17,rusia,europa,567,450,427,378,,,,,,,,
17,suecia,europa,1620,1558,1025,604,,,,,,,,
17,suiza,europa,2507,2295,1881,2078,,,,,,,,
14,otros_oceania,oceania,2,4,6,4,,3,5,3,1,1,,1
16,core_norte,asia,0,0,0,0,0,0,0,0,0,0,0,0
17,filipinas,asia,251,206,181,204,,,,,,,,
17,india,asia,497,520,669,598,,,,,,,,
17,japon,asia,561,759,570,489,,,,,,,,
15,taiwan,asia,121,192,243,181,113,127,138,115,106,123,159,179
17,rep_dem_pop_de_cori,asia,1,,,,,,,,,,,
17,taiwan,asia,140,164,328,223,,,,,,,,
15,otros_oceania,oceania,2,1,4,8,2,19,3,3,,4,2,5
17,arabia_saudita,africa,16,7,17,2,,,,,,,,
17,libano,africa,16,23,18,21,,,,,,,,
17,marruecos,africa,25,38,22,30,,,,,,,,
17,nigeria,africa,18,14,18,15,,,,,,,,
17,sudafrica,africa,127,131,122,114,,,,,,,,
16,otros_oceania,oceania,6,9,2,3,2,4,2,4,0,12,2,2
17,australia,oceania,1409,1101,994,1031,,,,,,,,
17,nueva_zelanda,oceania,280,156,208,253,,,,,,,,
17,otros_oceania,oceania,7,,1,2,,,,,,,,
